id,title,text,timestamp,author,upvotes,comments,sentiment
post_0_1742185368,Simulated Reddit post about Singapore,This is a simulated Reddit post in r/Singapore. Discussing big data analytics and social media trends.,2025-03-14T12:22:48.208445,redditor_1232,3271,266,neutral
post_1_1742185368,Simulated Reddit post about Singapore,This is a simulated Reddit post in r/Singapore. Discussing big data analytics and social media trends.,2025-03-16T17:22:48.208445,redditor_3473,4530,393,negative
post_2_1742185368,Simulated Reddit post about Singapore,This is a simulated Reddit post in r/Singapore. Discussing big data analytics and social media trends.,2025-03-14T08:22:48.208445,redditor_3761,3018,3,neutral
post_3_1742185368,Simulated Reddit post about Singapore,This is a simulated Reddit post in r/Singapore. Discussing big data analytics and social media trends.,2025-03-14T18:22:48.208445,redditor_8758,1047,246,negative
post_4_1742185368,Simulated Reddit post about Singapore,This is a simulated Reddit post in r/Singapore. Discussing big data analytics and social media trends.,2025-03-12T05:22:48.208445,redditor_8008,2447,65,negative
post_5_1742185368,Simulated Reddit post about Singapore,This is a simulated Reddit post in r/Singapore. Discussing big data analytics and social media trends.,2025-03-12T22:22:48.208445,redditor_2896,1891,446,positive
post_6_1742185368,Simulated Reddit post about Singapore,This is a simulated Reddit post in r/Singapore. Discussing big data analytics and social media trends.,2025-03-10T22:22:48.208445,redditor_1552,4083,387,negative
post_7_1742185368,Simulated Reddit post about Singapore,This is a simulated Reddit post in r/Singapore. Discussing big data analytics and social media trends.,2025-03-11T12:22:48.208445,redditor_1366,3922,313,positive
post_8_1742185368,Simulated Reddit post about Singapore,This is a simulated Reddit post in r/Singapore. Discussing big data analytics and social media trends.,2025-03-12T14:22:48.208445,redditor_4413,3832,458,neutral
post_9_1742185368,Simulated Reddit post about Singapore,This is a simulated Reddit post in r/Singapore. Discussing big data analytics and social media trends.,2025-03-16T08:22:48.208445,redditor_9470,3811,468,neutral
post_10_1742185368,Simulated Reddit post about Singapore,This is a simulated Reddit post in r/Singapore. Discussing big data analytics and social media trends.,2025-03-12T16:22:48.208445,redditor_1201,882,18,positive
post_11_1742185368,Simulated Reddit post about Singapore,This is a simulated Reddit post in r/Singapore. Discussing big data analytics and social media trends.,2025-03-13T20:22:48.208445,redditor_7122,1408,320,positive
post_12_1742185368,Simulated Reddit post about Singapore,This is a simulated Reddit post in r/Singapore. Discussing big data analytics and social media trends.,2025-03-14T21:22:48.208445,redditor_6624,4288,108,negative
post_13_1742185368,Simulated Reddit post about Singapore,This is a simulated Reddit post in r/Singapore. Discussing big data analytics and social media trends.,2025-03-12T04:22:48.208445,redditor_2449,4860,334,negative
post_14_1742185368,Simulated Reddit post about Singapore,This is a simulated Reddit post in r/Singapore. Discussing big data analytics and social media trends.,2025-03-10T15:22:48.208445,redditor_8534,1003,434,negative
post_15_1742185368,Simulated Reddit post about Singapore,This is a simulated Reddit post in r/Singapore. Discussing big data analytics and social media trends.,2025-03-16T04:22:48.208445,redditor_5038,2234,461,negative
post_16_1742185368,Simulated Reddit post about Singapore,This is a simulated Reddit post in r/Singapore. Discussing big data analytics and social media trends.,2025-03-12T06:22:48.208445,redditor_3686,2657,163,negative
post_17_1742185368,Simulated Reddit post about Singapore,This is a simulated Reddit post in r/Singapore. Discussing big data analytics and social media trends.,2025-03-11T21:22:48.208445,redditor_6090,3055,76,positive
post_18_1742185368,Simulated Reddit post about Singapore,This is a simulated Reddit post in r/Singapore. Discussing big data analytics and social media trends.,2025-03-14T14:22:48.208445,redditor_1961,150,411,positive
post_19_1742185368,Simulated Reddit post about Singapore,This is a simulated Reddit post in r/Singapore. Discussing big data analytics and social media trends.,2025-03-15T14:22:48.208445,redditor_7731,3132,8,positive
post_20_1742185368,Simulated Reddit post about Singapore,This is a simulated Reddit post in r/Singapore. Discussing big data analytics and social media trends.,2025-03-12T07:22:48.208445,redditor_7539,3443,384,neutral
post_21_1742185368,Simulated Reddit post about Singapore,This is a simulated Reddit post in r/Singapore. Discussing big data analytics and social media trends.,2025-03-12T16:22:48.208445,redditor_7034,2702,447,negative
post_22_1742185368,Simulated Reddit post about Singapore,This is a simulated Reddit post in r/Singapore. Discussing big data analytics and social media trends.,2025-03-15T06:22:48.208445,redditor_4118,2451,323,positive
post_23_1742185368,Simulated Reddit post about Singapore,This is a simulated Reddit post in r/Singapore. Discussing big data analytics and social media trends.,2025-03-15T08:22:48.208445,redditor_8867,595,493,positive
post_24_1742185368,Simulated Reddit post about Singapore,This is a simulated Reddit post in r/Singapore. Discussing big data analytics and social media trends.,2025-03-14T05:22:48.208445,redditor_2354,2649,218,positive
post_25_1742185368,Simulated Reddit post about Singapore,This is a simulated Reddit post in r/Singapore. Discussing big data analytics and social media trends.,2025-03-16T12:22:48.208445,redditor_2875,4307,86,negative
post_26_1742185368,Simulated Reddit post about Singapore,This is a simulated Reddit post in r/Singapore. Discussing big data analytics and social media trends.,2025-03-13T20:22:48.208445,redditor_5825,635,324,positive
post_27_1742185368,Simulated Reddit post about Singapore,This is a simulated Reddit post in r/Singapore. Discussing big data analytics and social media trends.,2025-03-17T09:22:48.208445,redditor_1903,606,132,positive
post_28_1742185368,Simulated Reddit post about Singapore,This is a simulated Reddit post in r/Singapore. Discussing big data analytics and social media trends.,2025-03-11T03:22:48.208445,redditor_5904,3459,207,neutral
post_29_1742185368,Simulated Reddit post about Singapore,This is a simulated Reddit post in r/Singapore. Discussing big data analytics and social media trends.,2025-03-14T06:22:48.208445,redditor_2420,623,34,positive
post_30_1742185368,Simulated Reddit post about Singapore,This is a simulated Reddit post in r/Singapore. Discussing big data analytics and social media trends.,2025-03-15T17:22:48.208445,redditor_1814,1452,499,positive
post_31_1742185368,Simulated Reddit post about Singapore,This is a simulated Reddit post in r/Singapore. Discussing big data analytics and social media trends.,2025-03-14T10:22:48.208445,redditor_1141,728,272,neutral
post_32_1742185368,Simulated Reddit post about Singapore,This is a simulated Reddit post in r/Singapore. Discussing big data analytics and social media trends.,2025-03-13T02:22:48.208445,redditor_7270,3283,90,positive
post_33_1742185368,Simulated Reddit post about Singapore,This is a simulated Reddit post in r/Singapore. Discussing big data analytics and social media trends.,2025-03-11T09:22:48.208445,redditor_5528,646,449,positive
post_34_1742185368,Simulated Reddit post about Singapore,This is a simulated Reddit post in r/Singapore. Discussing big data analytics and social media trends.,2025-03-12T03:22:48.208445,redditor_5079,1419,38,positive
post_35_1742185368,Simulated Reddit post about Singapore,This is a simulated Reddit post in r/Singapore. Discussing big data analytics and social media trends.,2025-03-16T04:22:48.208445,redditor_6470,2319,315,positive
post_36_1742185368,Simulated Reddit post about Singapore,This is a simulated Reddit post in r/Singapore. Discussing big data analytics and social media trends.,2025-03-15T15:22:48.208445,redditor_1810,132,189,negative
post_37_1742185368,Simulated Reddit post about Singapore,This is a simulated Reddit post in r/Singapore. Discussing big data analytics and social media trends.,2025-03-12T23:22:48.208445,redditor_2045,2168,484,neutral
post_38_1742185368,Simulated Reddit post about Singapore,This is a simulated Reddit post in r/Singapore. Discussing big data analytics and social media trends.,2025-03-11T21:22:48.208445,redditor_6770,3177,216,positive
post_39_1742185368,Simulated Reddit post about Singapore,This is a simulated Reddit post in r/Singapore. Discussing big data analytics and social media trends.,2025-03-11T22:22:48.208445,redditor_2232,2010,402,negative
post_40_1742185368,Simulated Reddit post about Singapore,This is a simulated Reddit post in r/Singapore. Discussing big data analytics and social media trends.,2025-03-14T06:22:48.208445,redditor_3793,494,310,positive
post_41_1742185368,Simulated Reddit post about Singapore,This is a simulated Reddit post in r/Singapore. Discussing big data analytics and social media trends.,2025-03-16T20:22:48.208445,redditor_3714,2344,286,positive
post_42_1742185368,Simulated Reddit post about Singapore,This is a simulated Reddit post in r/Singapore. Discussing big data analytics and social media trends.,2025-03-10T16:22:48.208445,redditor_2390,4729,443,neutral
post_43_1742185368,Simulated Reddit post about Singapore,This is a simulated Reddit post in r/Singapore. Discussing big data analytics and social media trends.,2025-03-15T16:22:48.208445,redditor_1292,4478,67,negative
post_44_1742185368,Simulated Reddit post about Singapore,This is a simulated Reddit post in r/Singapore. Discussing big data analytics and social media trends.,2025-03-15T13:22:48.208445,redditor_1482,4350,350,neutral
post_45_1742185368,Simulated Reddit post about Singapore,This is a simulated Reddit post in r/Singapore. Discussing big data analytics and social media trends.,2025-03-10T18:22:48.208445,redditor_5488,3189,395,neutral
post_46_1742185368,Simulated Reddit post about Singapore,This is a simulated Reddit post in r/Singapore. Discussing big data analytics and social media trends.,2025-03-16T19:22:48.208445,redditor_1658,431,242,neutral
post_47_1742185368,Simulated Reddit post about Singapore,This is a simulated Reddit post in r/Singapore. Discussing big data analytics and social media trends.,2025-03-17T10:22:48.208445,redditor_4838,3664,314,neutral
post_48_1742185368,Simulated Reddit post about Singapore,This is a simulated Reddit post in r/Singapore. Discussing big data analytics and social media trends.,2025-03-10T18:22:48.208445,redditor_2772,2227,328,neutral
post_49_1742185368,Simulated Reddit post about Singapore,This is a simulated Reddit post in r/Singapore. Discussing big data analytics and social media trends.,2025-03-13T00:22:48.208445,redditor_1022,3114,259,negative
post_50_1742185368,Simulated Reddit post about Singapore,This is a simulated Reddit post in r/Singapore. Discussing big data analytics and social media trends.,2025-03-14T20:22:48.208445,redditor_8160,1737,252,negative
post_51_1742185368,Simulated Reddit post about Singapore,This is a simulated Reddit post in r/Singapore. Discussing big data analytics and social media trends.,2025-03-10T20:22:48.208445,redditor_3370,3702,57,positive
post_52_1742185368,Simulated Reddit post about Singapore,This is a simulated Reddit post in r/Singapore. Discussing big data analytics and social media trends.,2025-03-11T21:22:48.208445,redditor_6885,4736,79,positive
post_53_1742185368,Simulated Reddit post about Singapore,This is a simulated Reddit post in r/Singapore. Discussing big data analytics and social media trends.,2025-03-13T08:22:48.208445,redditor_3173,4770,130,negative
post_54_1742185368,Simulated Reddit post about Singapore,This is a simulated Reddit post in r/Singapore. Discussing big data analytics and social media trends.,2025-03-12T03:22:48.208445,redditor_3639,866,335,neutral
post_55_1742185368,Simulated Reddit post about Singapore,This is a simulated Reddit post in r/Singapore. Discussing big data analytics and social media trends.,2025-03-13T12:22:48.208445,redditor_7257,3738,368,positive
post_56_1742185368,Simulated Reddit post about Singapore,This is a simulated Reddit post in r/Singapore. Discussing big data analytics and social media trends.,2025-03-16T00:22:48.208445,redditor_2417,4126,337,positive
post_57_1742185368,Simulated Reddit post about Singapore,This is a simulated Reddit post in r/Singapore. Discussing big data analytics and social media trends.,2025-03-14T14:22:48.208445,redditor_9702,2784,66,negative
post_58_1742185368,Simulated Reddit post about Singapore,This is a simulated Reddit post in r/Singapore. Discussing big data analytics and social media trends.,2025-03-15T16:22:48.208445,redditor_9487,3116,177,negative
post_59_1742185368,Simulated Reddit post about Singapore,This is a simulated Reddit post in r/Singapore. Discussing big data analytics and social media trends.,2025-03-15T13:22:48.208445,redditor_8752,2939,89,negative
post_60_1742185368,Simulated Reddit post about Singapore,This is a simulated Reddit post in r/Singapore. Discussing big data analytics and social media trends.,2025-03-16T09:22:48.208445,redditor_1274,288,131,neutral
post_61_1742185368,Simulated Reddit post about Singapore,This is a simulated Reddit post in r/Singapore. Discussing big data analytics and social media trends.,2025-03-11T12:22:48.208445,redditor_8966,4733,409,positive
post_62_1742185368,Simulated Reddit post about Singapore,This is a simulated Reddit post in r/Singapore. Discussing big data analytics and social media trends.,2025-03-15T18:22:48.208445,redditor_3686,1223,14,negative
post_63_1742185368,Simulated Reddit post about Singapore,This is a simulated Reddit post in r/Singapore. Discussing big data analytics and social media trends.,2025-03-10T19:22:48.208445,redditor_8756,3764,170,neutral
post_64_1742185368,Simulated Reddit post about Singapore,This is a simulated Reddit post in r/Singapore. Discussing big data analytics and social media trends.,2025-03-12T02:22:48.208445,redditor_1855,4763,367,positive
post_65_1742185368,Simulated Reddit post about Singapore,This is a simulated Reddit post in r/Singapore. Discussing big data analytics and social media trends.,2025-03-13T02:22:48.208445,redditor_2106,4500,388,negative
post_66_1742185368,Simulated Reddit post about Singapore,This is a simulated Reddit post in r/Singapore. Discussing big data analytics and social media trends.,2025-03-13T00:22:48.208445,redditor_5941,3154,26,positive
post_67_1742185368,Simulated Reddit post about Singapore,This is a simulated Reddit post in r/Singapore. Discussing big data analytics and social media trends.,2025-03-14T00:22:48.208445,redditor_2809,2259,364,negative
post_68_1742185368,Simulated Reddit post about Singapore,This is a simulated Reddit post in r/Singapore. Discussing big data analytics and social media trends.,2025-03-13T17:22:48.208445,redditor_5148,4348,147,negative
post_69_1742185368,Simulated Reddit post about Singapore,This is a simulated Reddit post in r/Singapore. Discussing big data analytics and social media trends.,2025-03-15T10:22:48.208445,redditor_6540,734,19,neutral
post_70_1742185368,Simulated Reddit post about Singapore,This is a simulated Reddit post in r/Singapore. Discussing big data analytics and social media trends.,2025-03-12T16:22:48.208445,redditor_9828,1316,19,negative
post_71_1742185368,Simulated Reddit post about Singapore,This is a simulated Reddit post in r/Singapore. Discussing big data analytics and social media trends.,2025-03-13T01:22:48.208445,redditor_5325,1198,360,negative
post_72_1742185368,Simulated Reddit post about Singapore,This is a simulated Reddit post in r/Singapore. Discussing big data analytics and social media trends.,2025-03-11T03:22:48.208445,redditor_9953,3202,141,negative
post_73_1742185368,Simulated Reddit post about Singapore,This is a simulated Reddit post in r/Singapore. Discussing big data analytics and social media trends.,2025-03-12T15:22:48.208445,redditor_6400,2103,44,neutral
post_74_1742185368,Simulated Reddit post about Singapore,This is a simulated Reddit post in r/Singapore. Discussing big data analytics and social media trends.,2025-03-17T00:22:48.208445,redditor_7195,2756,288,neutral
post_75_1742185368,Simulated Reddit post about Singapore,This is a simulated Reddit post in r/Singapore. Discussing big data analytics and social media trends.,2025-03-12T15:22:48.208445,redditor_1057,784,439,negative
post_76_1742185368,Simulated Reddit post about Singapore,This is a simulated Reddit post in r/Singapore. Discussing big data analytics and social media trends.,2025-03-13T01:22:48.208445,redditor_1257,1732,450,neutral
post_77_1742185368,Simulated Reddit post about Singapore,This is a simulated Reddit post in r/Singapore. Discussing big data analytics and social media trends.,2025-03-13T01:22:48.208445,redditor_1225,1329,31,positive
post_78_1742185368,Simulated Reddit post about Singapore,This is a simulated Reddit post in r/Singapore. Discussing big data analytics and social media trends.,2025-03-12T14:22:48.208445,redditor_5738,3116,165,neutral
post_79_1742185368,Simulated Reddit post about Singapore,This is a simulated Reddit post in r/Singapore. Discussing big data analytics and social media trends.,2025-03-16T14:22:48.208445,redditor_4740,2349,73,positive
post_80_1742185368,Simulated Reddit post about Singapore,This is a simulated Reddit post in r/Singapore. Discussing big data analytics and social media trends.,2025-03-13T14:22:48.208445,redditor_6929,1345,338,negative
post_81_1742185368,Simulated Reddit post about Singapore,This is a simulated Reddit post in r/Singapore. Discussing big data analytics and social media trends.,2025-03-11T14:22:48.208445,redditor_4028,28,347,negative
post_82_1742185368,Simulated Reddit post about Singapore,This is a simulated Reddit post in r/Singapore. Discussing big data analytics and social media trends.,2025-03-11T03:22:48.208445,redditor_4031,1029,492,positive
post_83_1742185368,Simulated Reddit post about Singapore,This is a simulated Reddit post in r/Singapore. Discussing big data analytics and social media trends.,2025-03-13T23:22:48.208445,redditor_9500,4974,54,positive
post_84_1742185368,Simulated Reddit post about Singapore,This is a simulated Reddit post in r/Singapore. Discussing big data analytics and social media trends.,2025-03-14T18:22:48.208445,redditor_8688,2580,135,neutral
post_85_1742185368,Simulated Reddit post about Singapore,This is a simulated Reddit post in r/Singapore. Discussing big data analytics and social media trends.,2025-03-16T21:22:48.208445,redditor_7411,4729,48,neutral
post_86_1742185368,Simulated Reddit post about Singapore,This is a simulated Reddit post in r/Singapore. Discussing big data analytics and social media trends.,2025-03-11T13:22:48.208445,redditor_7045,1637,76,negative
post_87_1742185368,Simulated Reddit post about Singapore,This is a simulated Reddit post in r/Singapore. Discussing big data analytics and social media trends.,2025-03-11T09:22:48.208445,redditor_8373,4172,414,positive
post_88_1742185368,Simulated Reddit post about Singapore,This is a simulated Reddit post in r/Singapore. Discussing big data analytics and social media trends.,2025-03-16T06:22:48.208445,redditor_7855,3748,440,positive
post_89_1742185368,Simulated Reddit post about Singapore,This is a simulated Reddit post in r/Singapore. Discussing big data analytics and social media trends.,2025-03-17T12:22:48.208445,redditor_2815,3653,310,negative
post_90_1742185368,Simulated Reddit post about Singapore,This is a simulated Reddit post in r/Singapore. Discussing big data analytics and social media trends.,2025-03-14T22:22:48.208445,redditor_8560,602,198,negative
post_91_1742185368,Simulated Reddit post about Singapore,This is a simulated Reddit post in r/Singapore. Discussing big data analytics and social media trends.,2025-03-12T00:22:48.208445,redditor_2053,4148,336,positive
post_92_1742185368,Simulated Reddit post about Singapore,This is a simulated Reddit post in r/Singapore. Discussing big data analytics and social media trends.,2025-03-15T05:22:48.208445,redditor_8662,1354,328,neutral
post_93_1742185368,Simulated Reddit post about Singapore,This is a simulated Reddit post in r/Singapore. Discussing big data analytics and social media trends.,2025-03-15T04:22:48.208445,redditor_1769,1178,353,neutral
post_94_1742185368,Simulated Reddit post about Singapore,This is a simulated Reddit post in r/Singapore. Discussing big data analytics and social media trends.,2025-03-14T15:22:48.208445,redditor_9685,4744,90,neutral
post_95_1742185368,Simulated Reddit post about Singapore,This is a simulated Reddit post in r/Singapore. Discussing big data analytics and social media trends.,2025-03-16T11:22:48.208445,redditor_3503,3778,383,neutral
post_96_1742185368,Simulated Reddit post about Singapore,This is a simulated Reddit post in r/Singapore. Discussing big data analytics and social media trends.,2025-03-16T08:22:48.208445,redditor_4477,3604,322,positive
post_97_1742185368,Simulated Reddit post about Singapore,This is a simulated Reddit post in r/Singapore. Discussing big data analytics and social media trends.,2025-03-12T17:22:48.208445,redditor_4060,3902,177,neutral
post_98_1742185368,Simulated Reddit post about Singapore,This is a simulated Reddit post in r/Singapore. Discussing big data analytics and social media trends.,2025-03-13T02:22:48.208445,redditor_5501,3028,296,positive
post_99_1742185368,Simulated Reddit post about Singapore,This is a simulated Reddit post in r/Singapore. Discussing big data analytics and social media trends.,2025-03-14T01:22:48.208445,redditor_2919,3034,406,negative
